{
  "H": {
    "yH": 1.02,
    "sH": 0.5140000000000001
  },
  "up": {
    "ku": 0.45,
    "L": {
      "yL_base": [
        -1.55,
        -1.8199999999999998,
        -0.5499999999999999
      ],
      "sL": [
        0.6425000000000001,
        0.39250000000000007,
        0.6125
      ]
    },
    "R": {
      "yR": [
        0.08,
        0.24,
        1.02
      ],
      "sR": [
        0.55,
        0.55,
        0.31
      ]
    },
    "ratios": {
      "c/t": 0.12892282529085886,
      "u/t": 0.0020055634823384176
    }
  },
  "down": {
    "kd": 0.55,
    "epsL": 0.06,
    "L_misalign": {
      "theta12": 0.12,
      "theta23": 0.01,
      "theta13": 0.03
    },
    "R": {
      "yR": [
        0.95,
        1.15,
        1.02
      ],
      "sR": [
        0.5666666666666667,
        0.7,
        0.31
      ]
    },
    "ratios": {
      "s/b": 0.03104218533744171,
      "d/b": 0.0014683633943006964
    }
  },
  "CKM": {
    "Vus": 0.23352689541810462,
    "Vcb": 0.1524931449274959,
    "Vub": 0.07198217512864587
  },
  "targets": {
    "c_over_t": 0.007,
    "u_over_t": 1.2e-05,
    "s_over_b": 0.024,
    "d_over_b": 0.0012,
    "Vus": 0.2243,
    "Vcb": 0.0422,
    "Vub": 0.00394
  }
}